                  epoch,         train/box_loss,         train/cls_loss,         train/dfl_loss,   metrics/precision(B),      metrics/recall(B),       metrics/mAP50(B),    metrics/mAP50-95(B),           val/box_loss,           val/cls_loss,           val/dfl_loss,                 lr/pg0,                 lr/pg1,                 lr/pg2
                      1,                0.95584,                 1.8382,                 1.2822,                0.90035,                0.31343,                0.66901,                 0.4735,                  1.029,                 2.1683,                 1.3335,              0.0005467,              0.0005467,              0.0005467
                      2,                0.93417,                 1.2144,                 1.2562,                0.77678,                0.56399,                0.72557,                0.47853,                  1.142,                 1.4988,                 1.4798,              0.0008841,              0.0008841,              0.0008841
                      3,                0.91444,                 1.0604,                 1.2407,                0.84638,                0.72415,                0.78826,                0.54902,                 1.0395,                 1.1884,                 1.3761,              0.0010015,              0.0010015,              0.0010015
                      4,                 0.8382,                 0.9469,                  1.183,                0.81333,                0.78226,                0.79688,                0.54939,                 1.0583,                 1.0875,                 1.3627,              0.0006768,              0.0006768,              0.0006768
                      5,                0.78418,                0.86821,                 1.1525,                0.85258,                0.78026,                0.85094,                0.63433,                0.94824,                0.91116,                 1.2561,             0.00034674,             0.00034674,             0.00034674
